Cycles,Day 1,Day 2,Day 3,Day 4,Day 5
0,73.898305,70.677966,63.050847,84.745763,74.91
10,75.806452,72.580645,75.806452,80.645161,69.473684
20,68.965517,74.137931,77.586207,79.655172,86.969697
30,69.354839,82.258065,87.096774,87.258065,85.909091
40,63.636364,69.69697,87.424242,88.939394,88.030303
50,65.671642,83.58209,87.910448,86.119403,86.515152