Genes,1,2,3,4,5,1_sd,2_sd,3_sd,4_sd,5_sd
CHS,0.888405556,0.190967747,0.698441369,0.674119715,5.696200782,0.32,0.15,0.17,0.15,0.39
CHR,0.238939741,0.024843269,0.029126225,0.052409222,1.107008782,0.79,0.25,1.63,0.02,0.35
CHI,0.348343112,0.143045709,0.524202432,0.471239997,5.110035569,0.70,0.35,0.09,0.15,0.20
IFS,0.435677758,0.073715784,0.053124615,0.040126721,0.740548776,0.44,0.41,0.29,0.06,0.77
IFR,1.0959808,0.111377833,0.06590567,0.120311868,1.866065983,0.47,0.11,0.35,0.10,0.36
HID,0.265962528,0.189207324,0.534367189,0.498139754,5.60481466,0.48,0.58,0.09,0.54,0.31
CYP80E,0.519445366,0.096066611,0.01792262,0.060309847,33.66863514,0.40,0.12,0.03,0.31,0.53
PT,0,0,0,0,0,0,0,0,0,0