Genes,1,2,3,4,5,1_sd,2_sd,3_sd,4_sd,5_sd
CHS,4.34693945,0.515580266,1.279647868,0.908712601,21.99287051,0.20,0.11,0.69,0.31,0.36
CHR,0.488579069,0.041042862,0.015166367,0.041999793,0.662206719,0.78,0.21,0.35,0.09,0.88
CHI,0.474032223,0.11,0.532393852,0.531674755,21.09559921,0.53,0.04,1.58,1.16,1.27
IFS,0.704811209,0.11,0.03,0.09,3.83,0.03,0.56,0.38,0.22,0.20
IFR,0.525223861,0.134156334,0.045460393,0.092452625,2.726920851,0.44,0.03,0.42,0.24,0.70
HID,1.440197397,0.295960034,0.287870546,0.262573947,3.429187987,0.76,0.16,0.04,0.11,0.36
CYP80E,0.649340731,0.347152632,0.113305027,0.169449133,6.166992756,0.18,0.15,0.02,0.28,0.07
PT,0.021629062,0,0.014727074,0.0003396,0.618987307,0.00,0.00,0.01,0.01,0.09