Genes,1,2,3,4,5,1_sd,2_sd,3_sd,4_sd,5_sd
CHS,3.218526879,0.490739959,69.86158644,102.5041452,32.86998048,0.36,0.07,0.21,0.21,0.40
CHR,0.526423804,0.030597098,29.78541415,28.54368018,0.735584119,0.08,0.01,0.11,0.31,0.11
CHI,0.588792444,0.057228277,1.242024318,3.711810663,5.811794357,0.09,0.19,0.14,0.05,0.72
IFS,0.369637181,0.027258916,8.333091107,9.009945647,1.702951489,0.33,0.17,0.13,0.11,0.06
IFR,0.549739561,0.035065724,6.429378423,4.286847211,0.17376512,0.07,0.20,0.01,0.31,4.83
HID,1.156550946,0.200203438,7.85334332,14.16094342,1.799674935,0.18,0.13,0.49,0.12,0.31
CYP80E,0.414681757,0.101499087,4.796242884,10.10393864,1.337825208,0.62,0.08,0.69,0.19,0.28
PT,0.000351334,0,0.163373156,0.108021879,0.16342717,0.00,0.00,0.06,0.05,0.12