Genes,1,2,3,4,5,1_sd,2_sd,3_sd,4_sd,5_sd
CHS,4.82819619,0.42631745,78.7529683,148.50159,58.7668106,0.21,0.05,0.04,0.09,0.14
CHR,0.90183451,0.00712511,26.3549126,43.7364189,2.02603611,0.32,0.10,0.96,0.26,0.44
CHI,0.71117715,0.03427578,1.60191147,13.73,56.57,0.44,0.09,0.39,2.35,1.05
IFS,0.75629879,0.0126626,11.2423387,10.5129348,2.06097733,0.17,0.23,0.44,0.60,0.40
IFR,0.41977602,0.013261,8.3571459,3.29147267,3.14672695,0.63,0.47,0.27,0.47,0.42
HID,0.90423631,0.06792093,8.49991886,12.8529978,2.53932274,0.51,0.25,0.46,0.20,0.13
CYP80E,0.29721743,0.03668133,6.02937826,6.22659936,1.47054611,0.16,0.20,0.14,0.11,0.77
PT,0.000569,0,0.00504825,0.00376448,0.02855723,0.00,0.00,0.00,0.01,0.01