Genes,1,2,3,4,5,1_sd,2_sd,3_sd,4_sd,5_sd
CHS,48.26203041,0.879161826,0.837657846,5.09,0.860647444,0.30,0.05,0.06,0.18,0.01
CHR,7.564581875,0.034719439,0.017521142,0.619409492,0.171620254,0.24,0.25,0.10,0.47,0.07
CHI,1.310224933,0.068068902,2.45502501,7.811352607,2.123468925,1.45,0.40,1.22,0.19,0.36
IFS,3.110879044,0.020355655,0.043194908,2.537297156,0.084429194,0.22,0.70,0.35,0.22,0.22
IFR,2.012466496,0.059910081,0.043198547,1.517691339,0.059500884,0.69,0.21,0.64,0.16,0.20
HID,6.358971518,0.092514055,0.099404038,3.509660721,0.446755068,0.25,0.17,0.13,0.10,0.25
CYP80E,2.199235357,0.124838916,0.062983052,1.419986919,0.036283321,0.27,0.22,0.13,0.21,0.23
PT,0.000107776,0,0,0.035581304,0.007520877,0.00,0.00,0.00,0.00,0.01